subreddit,title
0,moronic monday sep weekly questions thread
0,new eu law force companies let uninstall pre loaded apps
0,google pixel
0,new chromecast google tv available order
0,including expensive mmwave g pixel big mistake google
0,google pixel g
0,google says pixel soli radar motion sense return
0,new helpful editor google photos
0,google offering free bose qc iis pixel purchase uk
0,andrew goodman joseph cherukara say goodbye hold music
0,google tv replacing play movies amp tv
0,google pixel win high end midrange easier
0,google pay confirms old app replaced flutter one
0,sure looks like pixel pixel neural core
0,dave lee thoughts new google pixel
0,telegram released search filters anonymous admins channel comments
0,google put wireless charging aluminum pixel
0,sony xperia ii review
0,billion android devices longer supported security updates
0,google tv entertainment love help google
0,say messenger introducing new messaging features instagram
0,google pixel phone designed economic downturn
0,launch night megathread
0,real question pixel upgrade pixel xl
0,vivo v first phone launch android box
0,expanded extension support firefox android nightly
0,product video designed speed helpfulness google pixel g phones
0,xiaomi mi pro powered phones hz lcd adaptive displays
0,google sets modest smartphone goals covid bites
0,microsoft duo teardown lost good one
0,used samsung dex see could replace computer thoughts weeks
0,new chromecast google tv software looks like
0,google messages app tests categorizing conversations reduce text message clutter
0,google pixel g unboxing see box youtube
0,unboxing google launch night surprise
0,hey r android join us r googlepixel tomorrow pdt google launch night
0,customize connect better updated good lock app
0,pixel rear cover made recycled aluminum gorilla glass front roland quandt twitter
0,google phone app testing caller id announcement auto deleting call screen transcripts
0,verizon lg wing available october preorders start october retail
0,new jersey official covid contact tracing app live google play
0,google maps dark mode ui
0,krita android second beta released
0,jon prosser late night pixel leak
0,xperia ii five good five bad sony new phone juan bagnell
0,home depot selling google new chromecast announced
0,germany smartphone sales plunge q apple xiaomi gain
0,motorola razr g arrives us cheapest foldable market
0,oneplus pro coming year new nord phone works
0,e os redefines mobile operating system paradigm sustainable world
0,mkbhd galaxy fan edition hear
0,samsung announces galaxy tab active smart new tablet built demanding environments samsung global newsroom
0,would help android adoption
0,developer boots android older devices project treble gsi
0,realised annoying updating without b partition
0,android developers blog listening developer feedback improve google play
0,google needs spotlight search
0,sony xperia ii review gsmarena
0,google maps getting dedicated car mode ui
0,u antitrust investigation google coming head need know
0,using apps like facebook android
0,tasker lets intercept samsung pen gestures whatever want
0,new galaxy fe amazon best buy
0,nearly everything european google stores
0,new budget lenovo p tablet leaks snapdragon
0,pro tip enable nearby share android devices quick file sharing
0,galaxy fe gorilla glass
0,pixel pre orders arriving early uk
0,android got rid gb limit videos google camera app still capped
0,suface duo vs lg v different think
0,sunday rant rage sep weekly complaint thread
0,google pixel smartphone audio review
0,erica griffin surface duo fold duo vs galaxy z fold
0,onenote android unfortunately broken experience
0,newpipe tests new unified player ui seamless fullscreen switching
0,use samloader download updates samsung galaxy device
0,pixel owners experiencing rapid battery discharge random shutdowns
0,pixel camera curse continues spreading newer pixels
0,lg wing review
0,saturday appreciation sep weekly app recommendation request thread
0,dev directchat replicates android bubbles android version apps
0,google messages prepares let automatically delete otps hours
0,google increase push apps give cut app purchases
0,brief impressions galaxy fold gen
0,android tablets neglected choice
0,copperheados android booting pixel sunfish
0,samsung galaxy buds live review tasty design room improvement
0,since android auto able tell car moving able watch youtube streaming services infotainment screens
0,pixel cost according jon prosser
0,whatsapp beta android new
0,prefer always peek display amoled screen
0,android versions living history computerworld
0,dev dopamine patch app ease social networks
0,lg wing teardown work
0,google duo lets add people group chat mid call apk download
0,digital wellbeing prepares shame using phone much mindful wallpaper feature
0,first image green pixel
0,evleaks saying pixel gb cad converts usd
0,samsung launch fan editions flagship galaxy smartphones
0,ticwatch pro review smartwatch upgrade wear os needs
0,zoom android supports virtual backgrounds bunch new features
0,new vlc android
0,getting extra privacy whatsapp possibly apps google contacts
0,oneplus ceo reveals w charging details
0,galaxy note series quickly losing sales momentum u
0,multitasking still bad phones
0,samsung destroy oneplus market position galaxy fe sammobile
0,sending text links andriod windows macos linux chromeos via chrome clipboard syncing
0,counted least different share menus android share menu might faster mean anything apps use
0,uncomfortable questions app signing
0,android great step refinement os
0,xiaomi phone without ads amp bloatware
0,unveiling samsung galaxy fe fan favorite features accessible price point
0,android bring screenshot button back power menu
0,someone posted video new chromecast google tv r googlehome
0,buy thursday sep weekly device inquiry thread
0,pixel launch october g black launch november g white delayed jon prosser
0,google pixel g info cheap android smartphone
0,verizon samsung galaxy fan edition g ultra wideband absurd phone name verge
0,samsung galaxy review new benchmark battery life smartphones
0,psa fe us amazon us
0,fe hands
0,rog phone latest update finally enables volte amp mobile us
0,get better handle work day home google
0,z fold teardown rd time charm
0,android adds support steam controller nintendo switch pro controller
0,swipe gestures back chrome android
0,oneplus nord vs pixel camera comparison
0,nearby share really quicker method
0,coloros live wallpapers ported android device
0,hi everyone recreated pixel wallpaper plus made variation feel free grab want
0,oneplus price leaked via amazon listing cheaper oneplus
0,android developers blog lockscreen authentication improvements android
0,google pixel new android flagship smartphone detail winfuture
0,mkbhd twitter oneplus confirmed oneplus hz display
0,introducing android android tv
0,bose announces sleepbuds ii improved design hopefully battery issues
0,qualcomm announces snapdragon g cortex amp mmwave premium range
0,bit psa privacy conscious may want privacy conscious
0,hmd nokia refresh company lineup
0,foldable phone news royole flexpai official improved hinge costs
0,interesting idea android widgets wearos
0,latest chrome beta replaced tab grid layout tab list
0,stream xbox one games android phone free
0,imint suite video enhancement tech coming smartphones new mediatek chips
0,files google adds playback speed controls videos pdf handler
0,xiaomi launches poco x hz display snapdragon g india
0,following apple widgets post thought upload reimagined ios google widget
0,nokia g unboxing amp full tour
0,tap tap lets triple tap gesture back android phone
0,potential pixel g pixel european prices colors
0,oneplus launch event invitation
0,android ars technica review
0,replicated apples widgets
0,launch night
0,directly bypass charging rog game genie
0,one day savings event september google store anyone interested
0,expect lg wing launch mobile sprint around release time
0,krita free desktop grade drawing application android tablets
0,samsung galaxy fold g hammer knife amp bend test durability
0,super mario natively run android without nintendo emulator
0,android operating system prioritizes mobile data privacy
0,last week samsung patents galaxy z flip g z fold smartphones one future scrollable device
0,galaxy fe promo video
0,moronic monday sep weekly questions thread
0,buy foldable phone one would buy
0,oppo find x pro underrated flagship year
0,iranian hacker group developed android malware steal fa sms codes
0,new assistant ui rolling phones got p
0,android interview googlers answer burning questions
0,rooted us samsung galaxy note ultra
0,flashback sony xperia z compact first rebel phablet craze
0,developed app trying help cope depression looking beta testers
0,hot take sony xperia ii
0,infographic samsung survey smartphones pivotal work home tool using devices multitasking
0,uv light see pixel screen weirdness
0,asus sending rog phone custom rom developers lineageos paranoid android dirty unicorns others
0,dave burke twitter android phones usgs gave southern california residents early warning earthquake last night phones sensors acting seismometers detected yellow red concentric circles expected locations p waves
0,cancelled xperia play appears surfaced
0,sunday rant rage sep weekly complaint thread
0,google teases gmail facelift brings line recent brand revamps
0,mobiletechreview samsung galaxy tab review
0,mrmobile motorola razr g review next phone
0,honest thoughts note ultra using weeks
0,query makes stick android ecosystem switch apple
0,x post r firefox feedback wanted firefox android homescreen designs
0,ice universe era note
0,oneplus ultra stops nothing official teaser video
0,selling point phone brand
0,experience switching iphone android
0,wireless charging nfc require glass back plastic back works fine
0,samsung galaxy fe official hands leak
0,nokia official ordered countries switzerland example
0,privacy matters
0,samsung galaxy z fold real world camera test
0,people really stop caring raw specs pay attention actual software performance
0,gboard get new look android
0,saturday appreciation sep weekly app recommendation request thread
0,oneplus g notify
0,lg wing hands really flipping fun
0,lg india android update schedule
0,new google chromecast
0,microsoft duo durability test jerryrigeverything
0,google pulls india paytm app play store repeat policy violations
0,android oems offer apps play store
0,chris welch twitter google make nicer widget iphone one android pixels
0,ask questions lg wing
0,reason android option better permission granularity
0,android custom rom list unofficially update android phone
0,note ultra vs iphone pro max battery test
0,sony xperia ii display analysis content creators beware
0,day android threw away code
0,real life leaked images galaxy fe jimmy promo
0,lg wing hands new kind foldable
0,google replied notification blur request
0,sony announces xperia ii hz full fledged small phone anandtech
0,poco x vs redmi note pro x flop review
0,offer revision market googleplay cut sharing hardware manufacturers
0,absolutely every new thing samsung oneui
0,samsung money someone left whole lot filler text
0,xiaomi mi pro long term review gsmarena
0,xperia ii provided android immediately release
0,autohz lets control per app refresh rate oneplus phones including oneplus nord
0,lg wing hands preview said phones boring
0,firefox brings back features older codebase still support extensions apk download
0,google photos finally fixed terrible horrible share menu
0,fe product page leaked
0,xperia ii built speed made compact
0,sony innovation android ecosystem underrated
0,features android samsung one ui first
0,buy thursday sep weekly device inquiry thread
0,activision seemingly working mobile version call duty warzone
0,mobiletechreview samsung galaxy z fold review
0,android tip remove mute audio video using native google photos app
0,microsoft android app streaming rolling users within hours
0,android finally comes india
0,live caption feature available one ui update something waiting since one ui
0,introducing web apis dual screen foldable devices
0,nokia anew shares new details nokia
0,samsung galaxy z fold review likely phone year
0,snapdragon exynos geekbench benchmark
0,unboxing world first display camera smartphone zte axon g detailed review
0,billions devices vulnerable new blesa bluetooth security flaw
0,samsung galaxy z fold one handed mode improvements
0,google putting ads google assistant feed
0,google contacts android prepares let change google account profile photo trash instead delete contacts
0,waze adds lane guidance one google maps best features
0,apple watch starting tempt away android
0,moto e plus snapdragon mah battery launches internationally
0,google home corroborates android tv branded google tv new chromecast
0,fyi disable device sensors including cameras microphones android via dev options better privacy
0,google duo use screen sharing browse photos videos together plan activities video call
0,many cameras phones nowadays would want dedicated low light camera
0,surface duo z fold compel developers fix android tablet problem
0,pixel budget beast
0,asus zenfone receives first official android beta update
0,psa fa methods may restricted change google password
0,mobiletechreview microsoft surface duo vs samsung galaxy z fold g comparison
0,samsung electronics produce qualcomm snapdragon aps
0,poco x nfc review
0,got samsung galaxy z fold yesterday ama device
0,samsung expands advanced pixel isocell image sensor offerings wider mobile applications
0,cloud gaming xbox game pass ultimate launches games android
0,samsung oneui update refined emojis added new ones
0,download oneplus series gets oxygenos open beta september security patches game space improvements
0,one ui beta galaxy samsung android update
0,looks like google chosen sept launch new pixel phones new smart speaker new chromecast device ina fried twitter
0,discussion ui lag recent phones experience
0,android gpu inspector open beta
0,one ui android closed beta running samsung galaxy ask anything
0,tweet samsungrydah oneui android changes
0,lg unveils quirky wing smartphone swivel display gimbal camera
0,speed test g samsung galaxy z fold vs samsung galaxy note ultra
0,redmi mediatek helio g chipset debuts india
0,developers port lineageos leapfrog epic tablet children
0,google ruined quick settings panel android
0,lg wing futuristic form factor
0,mark calendars september pm gmt announce great new line nokia phones competition giveaways special guest follow nokiamobile details onlygadgetyouneed
0,nvidia acquire arm billion creating world premier computing company age ai
0,maybe time wiki updated
0,galaxy z fold preorders korea around units sources
0,exclusive oneplus specifications renders reveal redesigned camera module w fast charging
0,experience remote supporting others
0,galox twitter samsung launch new series smartphones focused best camera budget galaxy f
0,see fingerprint sensor sees
0,lg wing official announcement
0,samsung likely unveil galaxy fe september rd
0,oppo unveils coloros based android
0,galaxy tab vs ipad pro smackdown brad cowboy
0,mobiletechreview microsoft surface duo review
0,watching apple event anyone else want google services bundle
0,moronic monday sep weekly questions thread
0,even basic feature flip phones touch screen use android underneath
0,extras aa uses substratum heavily customize android auto car ui
0,galaxy g review samsung going sell buttload
0,samsung fail note ultra review
0,many android iphone apps simply ignore user privacy requests study finds respond mostly flawed way including severe security violations deceptive statements
0,android review
0,galaxy z fold review folding king
0,sunday rant rage sep weekly complaint thread
0,disable back gesture left side android
0,hiding dot navigation bar android root
0,google lens tests new design easier access gallery
0,lg wing unboxing
0,images googlepixel google leak
0,first android custom roms already
0,increasing reports pixel pixel xl battery swelling damaging phones
0,surface duo teardown ifixit
0,google youtube music soon let cast uploaded music smart speakers free
0,android audio output picker soon support showing google cast devices
0,asus zenfone series twrp released
0,saturday appreciation sep weekly app recommendation request thread
0,samsung galaxy z fold soldier knows best review
0,firefox ux designer asking feedback main menu firefox bottom vs top toolbar
0,samsung galaxy z fold review
0,ice universe twitter samsung display screen camera solution much ahead solutions samsung mobile phones stricter requirements screen camera effects brands two meet screen camera galaxy schrodinger cat state
0,sharp unveils four new smartphones two g
0,galaxy note ultra g costs make highlights qualcomm amp samsung semiconductor prowess
0,new budget smartphone motorola kiev snapdragon g leaks
0,kiwi browser gets first update months based chromium v
0,bose announces quietcomfort earbuds sport earbuds verge
0,moto g plus announced features inch display mah battery
0,using samsung galaxy note ultra cinema camera k
0,google announces android go edition support gb ram devices
0,huawei watch gt pro freebuds pro anc earphones debut
0,microsoft surface duo review megathread
0,hollow knight running galaxy
0,phonedesigner similar design conventional form factor surface solo
0,google play store preps apps redesign w integrated p p app sharing gallery
0,dave lee pocophone x review
0,psa anyone using ifttt
0,microsoft surface duo kernel source code available
0,people korea want buy galaxy z fold
0,samsung galaxy launched india snapdragon g mah battery
0,google pixel available pre order germany
0,hidden changes android learned source code
0,chat bubbles suggestion
0,android features google forcing oems
0,new software updates enable galaxy watch active users live healthier conveniently
0,galaxy first impressions mah g
0,mkbhd moto razr impressions nostalgia reloaded
0,samsung lg display stop supplying panels huawei due u restrictions chosun
0,buy thursday sep weekly device inquiry thread
0,android finally reverts always open action logical flow android
0,mr mobile motorola razr g sharp folding phone reboot hands
0,motorola announces new foldable razr smartphone g better cameras
0,apple music new ui icons ios rolling beta testers
0,performance boost wear os google wear os google community
0,android aosp default messaging app notifications
0,android adds gaussian blur notification shade via hidden code
0,samsung wonderland new good lock module lets create live wallpapers customize
0,galaxy z fold review extravagant success theverge
0,netflix broke split screen playback recent update
0,google microsoft teamed try reinvent smartphones
0,scrolling swiping go home finally fixed
0,samsung galaxy z fold review future flat
0,google calendar getting cross profile work personal account support
0,andrei f daniel matte talking problems pixel hdr exposure shadows
0,turning android
0,pixel images
0,apps longer work android
0,microsoft built folding android phone verge
0,asus zenfone pro teardown video
0,android privacy deep dive conversation google android critical improvements
0,apps targeting android sdk published f droid cannot yet installed android
0,endurance test g google pixel vs oneplus nord youtube
0,xiaomi announces android official release mi mi pro
0,say hello safer phone calls
0,android bug chat bubbles working
0,anandtech samsung note ultra variable refresh rate display explained
0,android emoji changelog
0,android pixel first features
0,android system update google adds privacy controls
0,microsoft providing official recovery image surface duo uses standard adb install
0,android system images available
0,android features developers need know new apis
0,say hello android
0,android review important settings
0,android android developers live
0,marc levoy balance camera hardware software artistic expression
0,lg wing leaks official looking render showing dual displays
0,top features android youtube
0,android update tracker list major phones getting latest release
0,survey results samsung update policy would make buy phones
0,oxygenos open beta oneplus series
0,android every major change new feature
0,android new ways communicate control smart devices youtube
0,android android website
0,concept lg wing style phone designed far back configurations
0,google giving special pixel unboxing experiences people uk
0,htc brings back cher wang ceo company
0,lg wing footage
0,galaxy z fold vs note ultra battery drain test youtube
0,android security bulletin september android open source project
0,top best budget phones
0,redmi smart band color display built charging port launched india
0,nothing justifies phone change anymore
0,samsung developing transparent smartphone
0,spotify testing local group sessions auto refresh playlists saving podcast episodes minute offline listening free users
0,xiaomi unveils poco x nfc hz display qualcomm snapdragon g mp quad camera
0,firefox android gets automatic tab closing option
0,automate charging keep battery increase lifespan kasa smart home plug iftt app tasker
0,artist review samsung tab
0,note ultra vs iphone pro max speed test
0,first harmonyos powered phone huawei arrive
0,poco x review techtablets
0,leak oneplus joined oneplus pro
0,moto g plus photos specs leaked carrier listing
0,oneplus pro long term review
0,poco x nfc review snapdragon g huge battery win
0,moronic monday sep weekly questions thread
0,tool help rooting updating android devices
0,phone connect messages web try changing dns server
0,oppo reno pro global review mid ranger premium outfit
0,note ultra vs pro max weeks sorry apple
0,samsung sm f foldable phone sources tell us
0,samsung galaxy note ultra exynos vs snapdragon tech chap
0,google lists firebase sdks require google play services
0,one like big phones
0,camera shootout galaxy note ultra vs pixel
0,android flagship alternatives europe samsung exynos fiasco
0,asus zenfone rog phone support passthrough charging gaming without degrading battery
0,many samsung galaxy note users reporting gps tracking issues
0,huawei pushed update new smart battery features year old phone else
0,sunday rant rage sep weekly complaint thread
0,global smartphone market share
0,connect android phone tv using hdmi cable
0,aawireless bring wireless android auto connection car
0,oneplus nightscape fake huawei moon mode
0,discussion software experience like
0,smartphone wish bought
0,xiaomi oppo huawei recruiting beta testers respective android updates
0,pixel launch date pricing revealed new leak
0,surface duo might arrive markets outside united states
0,saturday appreciation sep weekly app recommendation request thread
0,samsung explain exynos vs qualcomm note ultra
0,note ultra unboxing questions anyone review progress erica griffin
0,bought surface duo two
0,oneplus buds app sneaks existing phones users review bomb
0,lg wing presents radically sensible evolutionary step future smartphones yanko design
0,zenfone launch usa
0,xiaomi mi ultra review
0,sony xperia ii new promotional video leaked evleaks
0,google maps readying app wide dark mode android apk insight
0,doom doom ii playable fps android
0,complete galaxy fe spec sheet sheds light chipset options
0,galaxy z fold untold stories samsung
0,techtablets redmi k ultra review
0,exclusive oneplus hz amoled display mp quad cameras android central
0,realme bringing ton phones europe every need realme x x pro pro v v alongside smart home products audio accessories
0,new samsung notes update overview
0,firefox android rolling back button back
0,samsung galaxy z fold review lots camera samples
0,fun htc one experiment
0,stock android really better
0,android android android phones really need yearly updates
0,samsung galaxy note note receive one ui september security patches
0,google pixel going boringly sweet
0,using google phone beta love properly blocks spam calls completely silently
0,reddit gets app million play store downloads mostly making mobile web experience miserable
0,dimensity g chipset unveiled first mediatek powered g smartphone united states
0,techtablets xiaomi mi ultra review
0,threema goes open source welcomes new partner
0,revisiting old tech predictions wrong tech altar
0,lisa gade mobiletechreview samsung galaxy z fold g first look review
0,google maps ai helps predict traffic determine routes
0,tomtom releases navigation app huawei appgallery gsmarena com news
0,qualcomm scales g snapdragon series mobile platforms qualcomm
0,tcl announces tabmax tabmid tablets paper like display amp snapdragon ifa
0,galaxy tab quad dolby atmos speakers announced gizbot news
0,managing android devices google mobile services available
0,mozilla official update extension support new firefox android
0,iphone se vs pixel battle budget camera verge
0,samsung galaxy z fold unboxing major upgrades
0,india bans pubg along chinese apps
0,safer private browsing experience android secure dns dns https chrome
0,buy thursday sep weekly device inquiry thread
0,realme pro announced improved cameras bigger faster charging batteries
0,lg hints dual screen swiveling wing phone new video
0,realme x realme x pro official realme v tags along x pro dimensity hz oled display w charging
0,ramdisk xiaomi allows use ram internal memory faster loading times available mi ultra
0,dave samsung galaxy z fold ripe
0,google assistant rolling bare bones clone siri shortcuts
0,internal version google news apparently
0,samsung galaxy z fold hands folding phone mrmobile
0,samsung galaxy z fold camera test samples
0,oneplus interview behind scenes controversial oxygen os update
0,odd case egg ns seemingly working switch emulator android playable performance comes stolen code yuzu seems require specific controller
0,umidigi android go phone contactless thermometer built
0,feel pro enough realme pro unboxing
0,android apps smoothest best animations
0,fold flip duo fold phone verge
0,chrome native color picker android vintage
0,samsung announces galaxy g cheapest g phone yet
0,samsung galaxy z fold multitasking capabilities explained
0,sony xperia ii xperia ii get android rumor says
0,zte announces first smartphone camera display axon g
0,samsung galaxy z fold launch september th
0,pixel g fcc filings per android police
0,google pixel pixel g colors prices upcoming pixel phones exclusive
0,asus zenfone bootloader unlock tool kernel source code available
0,folding phones future market
0,samsung galaxy tab plus available september th
0,bottom tabless google pay redesign rolling people
0,galaxy z fold unpacked part livestream
0,demand small phones
0,ama asus zenfone pro
0,motorola latest mid range phone sub stunner g
0,watching hand ons fold duo one thinks fold better every way
0,samsung galaxy amazon deal years warranty germany
0,google sabrina android tv dongle price could google
0,sony iii versus samsung galaxy note ultra youtube
0,oneplus design possibly leaked oxygenos beta
0,anandtech asus zenfone pro review triple flip camera
0,asus zenfone pro gets first ota performance camera improvements
0,ming chi kuo huawei may exit mobile phone market worst case scenario
0,gboard emoji update
0,asus zenfone pro linus tech tips
0,microsoft surface duo hands demo best buy
0,asus zenfone pro review
0,asus zenfone pro review flipping fantastic flagship
0,gsmarena asus zenfone pro review
0,poll could go back audio jack using bluetooth headphones
0,google maps starts widely displaying traffic lights android
0,leaked video ijustine twitter showing destiny surface duo xbox cloud gaming service
0,sad see google samsung fighting
0,samsung galaxy officially debuts mah battery
0,location services turned experienced bad battery life
0,psa gcam blocked sd phones running one ui
0,oneplus ceo takes extra svp role oppo
0,lenovo p pro tablet announced google
0,vsmart vietnamese smartphone company announced minutes ago selling phones screen selfie camera display
0,samsung begins mass production gb lpddr dram world largest semiconductor line
0,learned latest upcoming google phones rigid oleds fhd resolution expected higher volume
0,returning pixel buds
0,worst phone ever used
0,technica google pixel review simple basic reasonable google phone
0,tested much bluetooth actually drain phone battery
0,moronic monday aug weekly questions thread
0,microsoft defender android arrives play store company microsoft e license use
0,ode iris scanners
0,drove world first car android automotive day like
0,rumors surrounding upcoming pixel actually device actually entice purchase phone
0,samsung galaxy z fold unboxing unbox therapy
0,glad samsung exynos exists
0,samsung galaxy z fold hands amp tutorial
0,note ultra vs pro vs pixel camera test blind test
0,android aosp boot mainline linux kernel one patch
0,sunday rant rage aug weekly complaint thread
0,bravedns dns https client firewall adblocker
0,google phone app rolls flip silence setting non pixel phones
0,size factor important choosing new device
0,surface duo hands best buy
0,samsung wireless charger pad trio image leaked
0,saturday appreciation aug weekly app recommendation request thread
0,samsung galaxy z flip months later barely scratch long term review mrmobile
0,google apparently taking fediverse apps google play grounds servers fediverse engage hate speech
0,fyi zach video plain wrong complete utter nonsense pyrolytic graphite sheets pgs gt x thermal conductivity copper cutting edge materials pads actually quite expensive manufacture inferior
0,samsung celebrates record pre order performance galaxy note series uk
0,power google play services received nearby share year old tablet running nougat lineageos
0,samsung ends cloud services
0,xiaomi third generation screen camera technology released mass produced next year
0,asus rog phone iii review hz mah beast caveats
0,ruling party lawmaker calls measures android app fees south korea
0,samsung built competing cooling systems inside note probably fine
0,nubia red magic review
0,oneplus nord review iphone user perspective
0,zte axon g display camera sample
0,android apps using longest time
0,exclusive entry level oneplus clover coming u mah battery
0,nokia extends ozo audio collaboration asus new zenfone series nokia
0,fairphone hands key features gsmarena
0,jerryrigeverything samsung note ultra teardown copper cooling inside
0,fairphone announced
0,android also needs privacy features restricts facebook tracking like ios
0,happiness real shared talk elephant room instagram deliberately lowers quality android users
0,answers hdmi support wrong
0,new google camera mod enables auxiliary camera support many devices without root
0,fairphone new flagship costs modular upgrade
0,galaxy fold available preorder uk
0,ice universe exynos still lose vs sd amd gpu pushed
0,android phone manufacturers given us market
0,exclusive sony xperia ii android smartphone leak full details
0,make google meet duo calls better bigger
0,weather frog wearing mask
0,oneplus may making smartwatch called oneplus watch
0,get snapshot day google assistant
0,introducing fairphone milestone fairer electronics fairphone
0,mi showed expected hz lcd panel along snapdragon packing mah battery
0,amazon halo fitness band app scans body listens voice
0,google confirms overscan gone android crippling third party gesture apps
0,poco x phone snapdragon mp quad cameras leaked
0,oppo watch mm review worthy wear os smartwatch
0,google playground ar stickers already sunsetting
0,mkbhd surface duo unboxing amp impressions hinge goals
0,sterling support shield tv th software upgrade available
0,buy thursday aug weekly device inquiry thread
0,samsung display demonstrates advanced display hole smartphone cameras
0,infamous green tint screen returns galaxy tab note ultra sammobile
0,samsung galaxy z fold review best foldable phone video mandarin use closed captions english captions
0,ever see larger sensors phones reasonable number megapixels
0,surface duo first unboxing showcase android central
0,mkbhd samsung galaxy nope
0,dashlane beta adds support android keyboard based autofill method
0,microsoft launcher stable version gets landscape mode new feed design
0,new asus zenfone pro dave
0,asus zenfone touts motorized flip camera flagship performance
0,enable force x msaa developer mode jaggy edges android games
0,take first look upcoming sony xperia ii
0,asus zenfone pro hands review gsmarena
0,samsung plans allow qhd hz galaxy ultra bigger battery software optimization new screen amp adaptive refresh rate allow function big battery affect samsung test sure
0,think mozilla pushed broken firefox android build good news bad news working intended
0,anandtech asus announces zenfone series triple flip camera hands
0,exclusive first look lg wing dual display phone android authority
0,gboard started offering suggested emojis top recently used ones emoji panel
0,ltt tell difference
0,fast personalized private design platforms introducing new firefox android experience mozilla blog
0,samsung depth samsung tab plus review
0,psa app game load properly get stuck loading try putting network ipv
0,fitbit announces new smartwatch google assistant fitbit sense
0,asus zenfone pro doubles triple flip camera
0,galaxy note series uses different cooling methods seemingly random
0,android product manager danny marcos explains team made nearby share work across range new old android phones short video also comments
0,see try suface duo best buy amp
0,android art awkward timing
0,google home brings long awaited dark theme android google
0,galaxy pc ft note ultra
0,google home app v finally gets dark mode expands android l power menu controls apk download
0,nokia g finally gets uk release date thanks retailer clove
0,samsung galaxy note note ultra teardown
0,huawei p pro vs iphone pro max camera someone
0,nokia first impressions much little
0,galaxy may get pen samsung said ditch note series
0,chinese made smartphones secretly stealing money people around world
0,nomad base station pro review wireless charging imperfect future
0,custom roms dead stock rom got better days
0,google pixel vs samsung galaxy note camera comparison surprising
0,rumor pixel slower pixel camera pixel
0,applications read clipboard real concerns
0,move music purchased iphone using apple music samsung j
0,anyone else hate new update microsoft launcher
0,really hope microsoft actually release apps android surface duo coming
0,google reportedly moving raise play store fees
0,display refresh rates explained hz hz hz actually mean
0,would samsung gain limiting displays devices
0,galaxy z fold video review reveals everything dying know
0,gcam services provider app simulates google play services gcam requires allowing camera app used devices without google play services app ui simple reason needed
0,android phones might secure iphones
0,fitbit sense first look making sense three new sensors
0,note ultra gorilla glass victus pretty strong
0,asus zenfone come high refresh hertz display
0,keep phones years get oled screen
0,moto g launched india rs
0,features android oem useful everyone aka unpopular opinions popular smartphone features
0,moronic monday aug weekly questions thread
0,psa tachyon vpn appears scam
0,sponsorblock sponsor intro subscribe reminder skipper officially supported vanced youtube
0,samsung raised bar android updates
0,user developer prefer pay paid one time payment play pass free w ads subscription
0,samsung galaxy g review affordable g feel cheap
0,feel pixel sd would good decision g
0,redditor posts possible live photos pixel g pixel
0,tech guy twitter upcoming budget smartphone oneplus comes qualcomm snapdragon soc sm
0,asus zenfone retail box confirms key specs slashleaks
0,exclusive google pixel g renders show complete design mobiles com
0,sunday rant rage aug weekly complaint thread
0,remotely locate galaxy device even offline
0,google camera longer saves portrait photo pairs standalone folders
0,miss material design released
0,one feature blew mind went long without
0,asus zenfone hands pic
0,samsung galaxy z fold early look flex mode
0,set pi hole ad blocker free google cloud vm android
0,saturday appreciation aug weekly app recommendation request thread
0,xiaomi mi mix solidifies status bona fide work art notebookcheck net news
0,exclusive google pixel renders reveal punch hole display dual rear cameras
0,google pixel snapdragon g hz display ultra wide camera android central
0,android users need know spatial audio
0,microsoft surface duo early look dave
0,samsung galaxy buds buds buds live seem prone overheating direct sunlight
0,gboard rolling system matching dark light keyboard theme beta users
0,galaxy gets even powerful new update oneui update list features
0,decided try something two cases keyboard galaxy tab lite
0,features might know galaxy note note ultra
0,join live surface duo demo q amp microsoft windows central
0,pixel first impressions google totally nailed
0,oppo next generation hybrid zoom technology features mm adjustable focal length
0,samsung tbe applauded extending software updates norm regardless everywhere
0,anyone else bit disappointed fast pair
0,samsung galaxy z flip g review mobiletechreview
0,android developer class action suit targets play store transaction fee
0,iqoo pro unveiled hz screens snapdragon ufs storage w charging pro starting
0,galaxy tab experience depth review
0,google pixel drops verizon
0,android brings wireless android auto phones
0,google rolling pixel assistant ui non pixel devices
0,google confirms android limit third party camera apps location spying fears
0,upgraded pixel xl pixel typo
0,zte axon g official teaser showing display camera phone
0,psa pixels reliable cameras kids pets
0,boost bass share sounds pixel buds
0,android phone recovery ysk scpcpy amp sshelper
0,google pixel vs google pixel speedtest g
0,galaxy tab series sold one day pre orders hq says
0,new google assistant settings unified list start rolling android google
0,samsung tab ama
0,ressurection remix back
0,us assume pixel bud colors stock
0,phones expected leaks
0,motorola moto e plus moto g plus surface official renders
0,samsung galaxy fe spin animations surface giving look phone
0,note ultra support w charging
0,new g blackberry android phone physical keyboard arrive
0,best look yet zte first smartphone display camera
0,buy thursday aug weekly device inquiry thread
0,review surface duo headphone dongle hard pass
0,interesting display comparison galaxy ultra amp oneplus pro
0,looks like pixel g black green coming september th pixel g october
0,google play edition phones
0,galaxy tab netflix hdr support
0,asus zenfone specs hz lcd sony imx mp ultra wide imx tof flip snapdragon g
0,budget camera phone shootout pixel vs oneplus nord vs iphone se
0,facebook messenger beta allows customize reactions different emojis
0,samsung oneui finally lets use android gesture navigation third party launchers
0,xiaomi mi ultra teardown x zoom craziness
0,poco f pro underrated phone
0,android taking away camera picker forcing people use built camera
0,new way video call google
0,unihertz atom l xl available
0,google play store advertising deals within apps updates section
0,unihertz titan review blackberry inspired rugged handset
0,rog phone teardown cooling inside real
1,daily tech support thread september
1,meta changes coming subreddit self promo saturday
1,apple tv coming xbox consoles
1,apple tv app works playstation
1,mark gurman apple marketing materials new ipad air starting land retail stores suggesting launch sooner rather later apple said october tomorrow surprise
1,apple officially retires beats updater utility favor air firmware updates
1,apple suggests restoring iphone apple watch fix excess battery drain missing gps data
1,apple card gains yearly spending activity option latest ios beta
1,big tech faces ban favoring services eu rules
1,apple formally adopts human rights policy wake criticism manufacturer working conditions amp freedom expression issues
1,hackers jailbreak apple security chip powered bridgeos
1,apple removes rss feed readers chinese app store
1,revisiting apple notes tl dr apple notes allows users encrypt note contents rest apple cloud notes parser supports parsing encrypted content
1,epic decision bypass apple app store policies dishonest says us judge
1,john gruber epic games unreliable narrator
1,youtube k support back
1,icloud outage
1,twitter expands rollout voice tweets feature ios users
1,th gen ipad vs budget laptop comparison
1,ios suggests apple include earpods box iphone
1,epic games announces motion judgment pleadings dispose apple counterclaims parties prefer bench trial
1,ipad air available starting week according new leak
1,need mac chip able stream k content netflix
1,fortnite dispute apple epic games jury trial
1,use troubleshoot blood oxygen monitoring apple watch series
1,hey r apple join us r googlepixel tomorrow pdt google launch night
1,apple ceo tim cook receives restricted stock units worth million
1,ios beta adds new emoji characters like ninja pinata bubble tea polar bear
1,past time apple watch add qi wireless charging
1,battery connectivity bugs continues haunt iphone users even ios update
1,apple releases ninth beta macos big sur developers
1,google maps dark theme finally starting roll year first teased
1,leaker iphone mini iphone storage capacities start gb pro models gb
1,magic ios app clip demos played game without downloading app seamless smooth new path trials mini apps
1,wallpaper wednesday september
1,apple released ios beta developers
1,apple likely expanding siri availability poland czech republic greece vietnam indonesia
1,digitimes inch mini led ipad pro arriving early mini led macbook coming later
1,deliveries arriving tomorrow month year
1,vergecast apple watch series wsj joanna stern apple podcasts
1,apple attention quirky details continues surprise coin emoji latest ios beta says crazy ones paying homage apple history
1,psa might want install security update mojave yet
1,iphone production lines foxconn zhengzhou factory china running hours day
1,psa ios widgets secretly steal private info keyboard
1,jamf announces rebuilt jamf connect face id login mac using iphone coming early
1,take look development version apple watch processor looks like
1,running stadia ios gets lot easier stadium workaround
1,apple automotive ambitions extend far beyond self driving systems
1,future iphones could use laser detection poisonous gas air quality pollen
1,apple services marketing tools
1,email aliases functioning properly ios
1,epic games struggling persuade court likelihood winning case apple preliminary injunction fortnite likely
1,pulse oximeter comparison ready prime time
1,roku adding support apple airplay homekit later year
1,daily tech support thread september
1,rant apple vs companies crap words apple
1,years ago inventor web unboxed computer used change world
1,key apple supply partners plan invest million indian manufacturing
1,difference real clone airpods pro
1,might late new glyph unlike current pro air smart keyboard old ipad pro
1,anyone know original airpod commercial removed youtube beautiful commercial
1,major australian telco releases features images upcoming iphone
1,ios apple made possible share name profile picture within imessage would love see feature expanded sharing even
1,uk government distributing k ipads care homes amid continuing covid fears
1,meta changes coming subreddit self promo saturday wallpaper wednesday
1,apple may revolutionize macbook keyboard allowing customize feels
1,microsoft office support pointing devices live testflight
1,set apple cash family ios
1,use old ipad security camera stream iphone works great
1,apple music get mix renamed workout mix
1,iphone may launch earlier usual south korea
1,smart tasks app lets easily organize entire week ios home screen widgets
1,apple maps icon designs
1,ios stop airpods automatically switching iphone ipad
1,apple watch series review good extra
1,ios phoenix space shooter delivers playable demo via app clips
1,daily tech support thread september
1,ipad handwriting recognition shows apple machine learning
1,nasa astronomy picture day app ios widgets made one
1,changing app description app store
1,lidar ipad soon iphone
1,future macbook ipad models could power weeks using hydrogen fuel cells
1,widgetsmith case missing app store bunco squad
1,custom smart stacks
1,released new content update sland free multiplayer paddle royale includes real time mode friends free amp ads
1,shortcuts sunday september
1,hey made minesweeper game free download amp ads
1,apple watches paired family setup direct icloud backups
1,helped make hand painted full length action rpg premium experience ads iap ios exclusive yrs making
1,new apple one subscription service start per month india
1,daily tech support thread september
1,apple watch measures heart rate every minutes day cardiobot easily understand data captured apple watch improve lifestyle discover notable patterns
1,made minimalistic expense tracker got featured app store last week
1,macos big sur vs catalina icons updated big sur beta
1,added every ios feature could think release app cardpointers helps people earn points cash back credit cards apple featured app every day since launch last week widgets watchos support ipad sidebar design lots
1,added bunch new widgets eta ios help driving transit needs driving widget shows traffic status got updates coming next couple weeks love hear think
1,today officially launching go budget simple powerful manual budget tracker gotten without awesome beta testers r apple thank
1,beta testers wanted stressed anxious trouble sleeping love nature want calm feel better relax sky tripping meditations ios tvos helps catch breath join beta team access valuable tools help shape important mental wellness tool link comments
1,hey guys video game craft beer available macos weeks
1,apple music client marvis pro updated beautiful nowplaying section widgets
1,make apple ipad iphone
1,self promo saturday released app called rebills app store helps keep track subscriptions private ios widgets reminder notifications foreign currency conversion even tax calculations lots features planned coming months
1,memo employees tim cook gives u corporate workers week thanksgiving retail support employees get extra days use later
1,apple battle royale epic games start real
1,microsoft new xbox app let stream xbox one games iphone
1,heart analyzer v adds blood oxygen tracking complications along ecg comparisons new heart rate chart complications free app subscriptions premium available always device privacy
1,launched free widget app ios shows live weather radar dark sky color theme rain snow supports dark mode updates every minutes
1,released favorites widgetizer brings old favorites widget ios plus couple goodies check
1,updated app charty ios add charts widgets home screen
1,stickerpack lemonardo cute lemon hope guys like
1,added widgets solarwatch ios featured app store
1,anyone miss feature start search slightly pulling notification bar
1,apple open sources swift system adds linux support
1,check apple watch standalone pomodoro technique focus timer distractionless
1,mous smartphone case maker taking preorders iphone lineup cases ahead seemingly distant launch
1,released ios app widgets ambiient shows weather around world new city every minute completely free made short trailer video sub called paris rainy
1,use new compact siri ios
1,shipped update scientific amp engineering calculator app giving away promo codes random commenters details comments
1,released new songbook app songkit fully optimized ios allows view edit share songs pianos guitars bass banjo ukulele
1,end life review iphone plus
1,self promo saturday released free app tr ning workout goals app store tracking setting goals weekly workouts includes ios widget syncs healthkit icloud
1,power timer track time multiple items time lot features ios support widgets siri would love hear think
1,abgrid lets split picture multiple pieces create beautiful grid ios widgets
1,created iron strength training tracker ios widget support iap subscriptions
1,daily tech support thread september
1,images surface supposedly showing foxconn employees attending production launch ceremony apple arm macs
1,osx safari dashboard widget back ios glimpse lets add webpage ios widget
1,made app lets type entire sentences paragraphs phases one key press great emojis hashtags
1,made app show photos widgets
1,made rhythm game showcasing ios body tracking features
1,apple started x bionic mass production nm node new ipad pro models days ago according latest info
1,recently launched pixel widgets help give homescreen retro look celebrate giving away minimal icon pack free
1,made video organizer video player released free hermit crab
1,days since app tracking amp quitting bad habits got updated ios widgets
1,launched pin photo app allows make custom layout widgets home screen
1,microsoft new xbox app iphone lets stream xbox games iphone coming soon works
1,launched subwaystatus complications track new york subway lines right watch face
1,like sudoku kakuro futoshiki logic puzzles check kakurasu fun puzzle grid game
1,struggling stay task days nujible uses haptic taps nudge remind stay track available apple watch iphone
1,supercharge macos share menu copy save open actions
1,introducing widgetize app build custom text photo widgets home screen experience using swiftui
1,spending majority summer university working first game finally released neon rush free endless runner also challenging levels would absolutely love feedback thank
1,made fun little stacking game actually feel blocks place give try
1,wireboard new little whiteboard app infinite canvas organize ideas beta
1,drone trails recreational drone flying made easy
1,ipad air release date leaked adorama shipping starts
1,updated swiftui mood tracker moodcast widgets brand new today view
1,sports standings app pennant new customizable view tons widgets keep track team standings ios homescreen
1,powerbeats pro supports automatic switching
1,ios optimized widget monitor cellular data usage
1,released free app discover download create share app icon themes
1,good sites monitor availability inventory apple products specifically looking apple watch
1,good national park app made one
1,n financial forecast live
1,apple temporarily stop taking percent cut facebook event fees
1,apple apologizes siri points users law enforcement terrorists
1,second app mirror journal simplistic journaling app designed around self reflection secrecy ios app store
1,may think apple music search feature got better ios
1,facebook argues apple let apps like messenger default iphone mac
1,weight training app cleanlift home screen widget motivational quotes updating every minutes keep pumped next workout log workouts iphone apple watch even ipad sync everything icloud
1,launched new update walletry last week include many new features many improvements fully written swiftui every week release new update make better better
1,play board card games check score keeper
1,self promo saturday screen mirroring app includes support fire stick tv android would love hear feedback
1,could type german letter english smart keyboard
1,ios youtube picture picture beta live premium users
1,home screen widget ios menstrual period tracker app available app store interesting feature text notes displayed dates widget although font size quite small please tell us interested different period related calendar widgets
1,usage activity amp data monitor widgets ios
1,added widgets bucket list app droplets see progress list home screen
1,added support new major ios features moneycoach financial wellness app helps users save money spend smarter apple loves us featured app worldwide app store across many lists
1,iphone mini name appears leaked apple iphone case stickers
1,released app ios update entropy widgets pick episodes favorite show watch throughout day
1,developed app play white elephant upcoming holiday looking testers free ads minimal
1,correctly measure wrist apple watch solo loop bands
1,video offers close look apple designed face mask
1,apple newly leaked silicone case stickers confirm iphone lineup nomenclature
1,actuflow app ios widget helps use phone intentional conscious without distraction social media enough time think intention use phone type sentence using phone probably need device right
1,videos better quality editing photos app
1,iphone cases available pre order moment
1,crossnumber math puzzle game
1,apple releasing ios today bug fixes widgets default app settings
1,sounds haptics iphone se
1,apple fitness everything need know apple upcoming workout service
1,new version microsoft office coming next year require subscription
1,small magnets iphone amp ipad
1,possible conformation ram ipad air look link specs
1,listen mp audio files iphone ios podcast app
1,ultimate ios homescreen setup guide
1,eu appeals apple billion tax bill ruling
1,change iphone ios icons widgets step step
1,apple finally figured fuck watch
1,introducing storyio kids ready ios
1,askcupido app get feedback photos dating profile
1,pro tip macos sign pdfs preview using idevice
1,ios good flawed
1,opinion anyone else think widgets really useful ios
1,daily tech support thread september
1,top ios home screen customization apps generate collective consumer spending four days
1,apple buys startup creates radio like stations podcasts
1,missing ios tasty cookie
1,apple releases macos catalina bug fixes wifi imac gpu performance
1,amazon luna cloud gaming service launches support ios via web app
1,lack available home scene icons
1,app store rejected apps seeing submissions per week
1,new images leak iphone braided usb c lightning cable
1,explore new system architecture apple silicon macs official apple video
1,privacy iphone simple apple disppeared apple youtube channel
1,apple app store evil
1,apple iphone se third best selling phone first week month us top also apple rprna
1,psa family setup prevents relatives using blood oxygen monitoring apple watch series models regardless age
1,ios privacy warning
1,apple investigating pro display xdr nano texture glass iphone ipad
1,apple built sleep tracker extremely inaccurate
1,apple removes w power adapter apple watch edition apple watch herm
1,final cut pro x version released
1,best current guess first apple silicon redesigned imac released
1,app store apps love place trust
1,apple developing slimmer hinges improved tactile feedback ipad keyboards
1,spotify epic tile match rallying developers apple app store policies
1,postmates hour delivery recommend
1,apple clarifies details video partner program developers
1,use nikon mirrorless dslr cameras webcam mac
1,apple loved dying
1,return solo loop bands without return whole watch
1,daily tech support thread september
1,uk launches covid contact tracing app built apple google technology
1,ios picture picture working youtube safari workaround
1,apple may conduct iphone event oct suggests new rumor
1,new apple watch says lungs may sick perfect decide
1,apple updated solo loop size guide today changes actual numbers detailed instructions illustrations
1,art mac malware
1,use assistive touch confirm payments install apps face id without clicking power button ipad pro iphone
1,translating large sport band solo loop sizing
1,nd ipad pro refresh likely happening later year
1,two ex apple rock stars raised build next iphone
1,apple ipad review faster familiar
1,apple new ipad air fingerprint sensor would ideal iphone
1,verge ipad review go
1,fantastical adds home screen widgets ios scribble support ipad
1,adventures solo loop sizing
1,apple watch workouts missing gps data users
1,taylor lyles first apple watch series teardown shows changed
1,apple ios review
1,apple ceo tim cook said impressed employees ability work remotely predicted new work habits remain pandemic
1,kuo mini led displays debut apple next ipad pro
1,apple store online open india
1,terrible support india
1,twitter rolls new share tweet menu ios app
1,federal circuit judge resists apple moving patent case california
1,wallpaper wednesday september
1,hardware limitation prevents track amp trace covid exposure notifications iphone
1,daily tech support thread september
1,need know apple face mask
1,apple stops signing ios releasing ios downgrading longer possible
1,microsoft contributes java port apple silicon macs
1,microsoft announces outlook mac redesign improvements ios watchos apps
1,bad battery ios
1,everything need know spatial audio
1,apple devices rank pc tablet customer satisfaction
1,ios significant battery drain health app
1,apple watch band
1,password introduces new virtual cards safer online payments coming soon safari extension
1,used face id
1,wsj apple watch series se review watch upsell
1,apple updates iwork apps ios support scribble new image picker editable shapes
1,british carrier says g iphone days away internal video featuring apple eddy cue
1,ios apps offer home screen widgets app clips much
1,apple released macos big sur developer beta
1,anyone surprised limiting first party widget
1,ios annoyance drive iphone owners away
1,megathread apple system outages
1,iphone se iphone
1,idos update approved apple allow itunes file sharing
1,discussion apple watch without apple iphone possible
1,apple manufacturing partner pegatron invest billion vietnamese plant
1,homekit integration begins rolling linksys tri band mesh routers
1,battery health came one week really annoyed
1,heart analyzer iphone apple watch adds ios widget blood oxygen data
1,creating widgets new category apps emerges
1,psa new apple watch owners return entire device ill fitting solo loop braided solo loop
1,applecare finally available norway
1,ios adoption surpasses across iphone ipad five days release
1,launcher released create custom widgets ios
1,jailbreak ios released devices
1,microsoft pledges get gaming service iphones
1,report new inch iphone called iphone mini
1,gmail set default ios email app
1,daily tech support thread september
1,tip kid helps detect ios android scam apps million downloads
1,put output script program mac os x menu bar
1,speed test ios perform ios ios ios ios
1,apple watch se fitness first impressions untangled
1,ios closed os macos
1,give ios home screen custom aesthetic unique app icons
1,ipados walkthrough everything need know
1,apple releases first public beta ios
1,amp already working g says g iphones might massive event due economic uncertainty
1,new steve jobs recordings released
1,wechat remains available app store us judge blocks download ban
1,ios disabled camera bug affecting iphone plus users
1,microsoft prepares go apple ios microsoft
1,applecare monthly payments expand uk germany
1,slideover multitasking ios
1,netnewswire mac feedly syncing reader view
1,atlantic festival ideas stage day featuring tim cook stacey abrams
1,kuo apple accelerate adoption mini led displays ipad mac notebook lineups
1,mail widget ios
1,airpods studio sport apple u chip used detect left right positioning suggests new leak
1,apple aapl precipitous sell adds fuel buffett rumors
1,daily tech support thread september
1,ios privacy security features know latest update iphone ipad make safer ever
1,created script get progress bar back downloading ipsw apple delete simple feature
1,comparison german handwriting recognition newton ipados
1,scam apps see downloads ios android make k
1,source leaderboard accuracy leakers
1,self promo saturday updated reddit app apollo bunch ios widgets first reddit app ios also includes picture picture video support support new privacy focused ios photo picker would love know think
1,anyone else getting problems airpods possibly due ios
1,apple books tsmc entire nm production capability
1,dark noise updated ios widgets may proud promo actual update though
1,months long nights upon losing job covid finally want share solo developed game testflight beta link comments would love hear feedback
1,shortcuts sunday september
1,youtube restricts ios picture picture feature premium subscribers k available tvos
1,made minimalistic expense tracker got featured app store
1,ipad air preorder date speculation
1,launched widgeridoo create widgets combining blocks free try subscriptions
1,daily tech support thread september
1,trade macbook pro model rd gen ipad pro
1,took leap faith fundamentally rethought calendar task app check site sign first use ellie calendar later week
1,calendar apps work way round building one simple smarter elegant please sign early access free individuals paid plans teams
1,yarnbuddy app knitters crocheters updated ios widget column ipad layout watch app
1,launched new twitter app week got featured app store
1,released pok dex app oak parcel modern ios take pokedex app main line pokemon games generations vii generation viii support coming soon
1,updated nudget widgets siri shortcuts budget homescreen
1,machine learning powered twitter app added first home screen widget
1,made instant camera hybrid app allows take film like photos digital like photos best worlds combine supports app clips widget
1,watchos worth losing force touch
1,made ultimate outdoor weather watchapp watchface complication missing shows everything one hour hour chart temperature rain sunshine amp cloud cover wind speed amp direction humidity dew point keeps showing data even offline
1,carrot weather widgets take home screen
1,updated crouton recipe organising app support household sharing icloud
1,musicharbor updated ios different widgets ipad sidebar support
1,hermit crab video organizer player import directly safari chrome see files sub directories cut copy paste files
1,cardiobot blood oxygen support available app store rewrote scratch new ui ux uses aha mayo clinic recommendations improving cardiovascular health also home screen widgets try free
1,widgetsmith shortcuts ruining ios design ethic
1,iphone series start without charger headphones
1,simple free app tracking many days row sober
1,soor updated beautiful playing widget ios
1,macbook air
1,iphone could expensive compared iphone
1,monthly apple care years worth
1,app library sucks
1,difference anymore mac ipad run arm
1,made manga reading app called tsuki ios ipados would love hear feedback
1,vinyl collection amp scanning app ios widgets ipad sidebar support promo codes inside
1,help changing app icons without middle man
1,fortune widget updated ios widgets shows random fortunes throughout day works apple watch
1,new ipad air reminds us bad android tablets really
1,make picture picture work youtube ios even though restricted premium users
1,app sharing downloading faces apple watch watchos
1,launched first watchos app let know think
1,mindkeeper lurking fear adventure apple watch devices apple stores worldwide
1,updated sigma planner ios enhancements widgets school planner tasks right home screen please download share students teachers
1,lullery ambient sounds app released free app store
1,meet new ios app mirrorly originating swift student challenge submission stunning journaling app great getting tough times emotion tracking prediction features got widgets core ml icloud support great design download today
1,launched tubestatus complications track london tube lines right watch face
1,cool feature iphones
1,released ac tape deck week completely free app listening animal crossing soundtrack according current hour
1,updated workout tracking app personal best ios week widget workout maps total redesign
1,picture picture ios longer working youtube mobile website safari
1,winya mobile live streaming iphone ipad app
1,tangerine daily guide self care biggest update date aaand featured apple multiple countries
1,self promotion saturday anyone looking google adsense app display earnings download app myadsense easily view information clean ui widgets coming soon
1,wanted widget cycle photos chosen album made
1,updated app outgoings app track recurring expenses full support ios view information glance right home screen customisable info
1,revert back ios
1,updated macos app lets convert different data types modern visual way also xcode extension support
1,shelley macos menu bar app runs shell scripts upon authorized http requests via tap phone nfc sticker launches work applications mac
1,rumor report card assessing accuracy leaks apple event
1,playtally apple music stats app tracks playback like last fm shows top songs like replay real time awards shiny
1,amp productivity wfh bit sweat minimalist choose adventure workout video generator jumpy cat official beta
1,timerange released today date calculator features add subtract workdays calculate intervals two dates create customizable countdowns new update includes ios widgets countdowns new language simplified chinese
1,best way manage online meetings designed sophomore college student class chime hopes make managing online meetings schedules much easier would love feedback might first published app adds amp completely free
1,apple doctor office wrist
1,new digital time complication app watch customizable works watch face
1,ios new features guides tos
1,itunes music problem
1,apple released ios introduced widgets iphone please go vote spotify make widget already acknowledged consideration votes better
1,self promo saturday new music player includes ios widgets
1,daily tech support thread september
1,launched thoughtjots yesterday stream consciousness journaling app blank pages
1,convince switch android ios
1,ipad air put ipad pro business least creatives
1,overslept ios disabled alarm
1,privacy comparison messaging apps
1,daily luck motivacional phrases updated new design support widgets
1,want iphone
1,updated year old weather app show much achieve
1,made simple expense tracking app called spend log ios widgets recurrent expenses tracking working v features would appreciate could check
1,trump block u downloads tiktok wechat sunday
1,tvos supporting k youtube videos yet
1,miasma air quality data menubar
1,self promo saturday released book track full support ios widgets siri shortcuts sidebar reading progress many
1,questions buying apple
1,wanted report defect ipad none editing options crop colors handwriting saved saving photos found apple report bug website bug user type problem
1,ios use popular new iphone ipad features
1,simple app controlling monitoring phone usage intentions new ios widget mindful smartphone usage
1,price analysis everything apple launched september th keynote
1,self promo saturday remote keyboard amp mouse pro mac free version available
1,ios widgets make android look like absolute embarrassment
1,ios beta adds new shazam music recognition feature control center
1,iphone
1,active wi fi cellular data
1,heads certain apple watch series configurations offered launch day errors apple cancelling orders requiring customers order
1,apple integrate words ios display w w location activating emergency sos
1,apple new rules actually say streaming xbox stadia games iphone
1,self promo saturday launched ikmi simple intuitive inventory point sale app manage business
1,hands ios new data breach notification feature
1,fortnite save world removed mac epic blames apple
1,apple brings online store india september
1,epic games denies apple claim fortnite losing popularity says usage actually increased chosen period court filing
1,apple releases first betas ios ipados developers
1,til drag two widgets create custom smart stack ios
1,wrote blog post recent experience developing ios app scratch
1,apple watch series se feature force touch displays
1,spotify finally testing apple watch streaming support users mac
1,watchos removes force touch support apple watch everything changed
1,startling new filing says epic threatened abandon ios apple cave fortnite demands
1,self promotion saturday enjoy lord rings download free quiz test movie knowledge questions free app store today
1,psa reading right unclench jaw rest tongue mouth relax shoulders take long slow second breath steady second breath
1,whatever happened optimized charging airpods
1,daily tech support thread september
1,res still unable come back safari due lack api support
1,things admire apple right louis rossmann
1,like apple product fact read comic first came dates accurately depicts love hate relationship apple
1,ios default app settings automatically reset mail safari reboot
1,apple one subscription plans support users multiple apple ids
1,macos big sur beta released developers
1,apple gave fbi access icloud account protester accused setting police cars fire
1,logitech mx master feels cheap compared apple magic mouse
1,uninstall ios beta install ios
1,think apple call mac chips
1,apple watch series everything new product red
1,pixelmator pro gets applescript support version lynx
1,untold history macos system preferences
1,odd apple designed magnetic wireless charger prototype surfaces leaked video
1,apple would share payment tech rules mulled eu
1,like buy mac
1,watchos brings apple watch ecg feature colombia israel kuwait oman qatar united arab emirates
1,apple k uhd tv shows buy
1,carrot weather shines ios rich widgets apple watch complications mac
1,verge apple watch series hands
1,megathread apple releasing ios ipados tvos public today
1,apple watch series worth upgrading series se
1,five ios ipados security privacy features need know zdnet
1,pip working tvos
1,little siri detail ios
1,apple releases safari mac ahead macos big sur launch
1,able change app store guidelines would change
1,make firefox default browser ios finally firefox frontier
1,trailer works spatial audio air pod pro
1,two factor authorization ticket hell
1,real time apple releasing ios ipados tvos public today
1,questions people airpods pro rattling issue
1,share favorite widgets ios
1,daily tech support thread september
1,airpods pro disconnect reconnect ios
1,imac bootcamp issues
1,iphone x xr
1,download ios ipados time zones around world
1,lili makes apple watch beautiful environment friendly
1,apple vs spotify epic games
1,saw apple introduced apple cash family looks like could useful folks
1,epic games lawsuit publicity stunt says apple
1,developers frustrated one day notice ios ipados watchos rollout
1,nova new mac focused text editor creators transmit coda firewatch untitled goose game
1,long apple support older iphone models
1,listen spatial audio airpods pro
1,new watch work feature work youtube
1,apple releases watchos new watch faces family setup sleep tracking handwashing help
1,apple watch blood oxygen monitor wellness medicine
1,apple released software update apple tv well today
1,apple hinting th september event
1,question icloud getting new iphone
1,weather channel dark sky used weather app
1,apple watch blood oxygen levels coronavirus interpret readings written doctor
1,apple watch series se unboxing first impressions
1,apple extends u back school sale two weeks excludes new ipad air
1,cmv new ios widgets worse
1,leaker shares appears sport variant apple branded headphones
1,often optimal upgrade iphone terms value
1,one know get ipad screen replacement best price
1,apple release ios ipados september th
1,apple watch se puts profits public health nixing ecg features
1,singapore apple partner national health initiative using apple watch
1,apple announces new ipad air looks like ipad pro
1,bionic sees nearly percent bump number transistors compared bionic
1,apple security updates
1,loaner phone return process
1,apple allow users change goals move exercise stand first time
1,new ipads come new w usb c power adapter
1,anyone else frustrated apple removed call favorite contacts widget
1,critical suggestion uninstalling apps swipe hud
1,developers submit ios compatible apps app store mac
1,daily tech support thread september
1,ipad return policy netherlands
1,apple id lock cant reset
1,apple unveils apple watch se series design mac
1,folk work apple vibe nerves like around sort time big os release imminent
1,apple announces apple one subscription bundle music tv plus
1,apple longer including usb power adaptor apple watch ahead iphone debut mac
1,best iphone ever
1,apple watch series already
1,spotify says apple one bundle cause irreparable harm developer community
1,apple store showing right back screensaver ahead time flies event
1,r apple apple iphone pro max antutu benchmark revealed performance core specifications
1,gurman ipad air first apple product processor beating iphone release
1,apple officially announces apple watch series new colors mac
1,apple releasing watchos sleep tracking september
1,apple quietly reveals watch series first u locator chip
1,roundup overviews
1,apple watch series unboxing amp first impressions se
1,leaked bionic antutu score surfaces online apple newest silicon fails surpass qualcomm snapdragon
1,apple care updated incidents every calendar months guess instead full months
1,pok mon go supporting ios next update coming soon
1,apple announces updated eighth generation inch entry level ipad
1,measuring blood oxygen levels blood oxygen app apple watch series
1,ios gm available developers ahead public release wednesday mac
1,apple one bargain complicated
1,apple time flies event megathread
1,apple time flies post event megathread
1,apple park transitions september
1,take ios living public beta since last month tl dr bottom
1,apple announces new solo loop band apple watch mac
1,apple adding virtual fitness classes subscription bundle
1,ios change music icon back white
1,new ipad air makes apple tablet lineup messier outshining ipad pro
1,anandtech apple announces nm soc meagre upgrades less power hungry
1,wallpaper wednesday september
1,apple response spotify criticism apple one bundle abuses apple market position
1,new animation like tweet containing apple event hashtag
1,apple barclays stop issuing apple rewards visa product financing shifts apple card
1,quick recap apple september event mind map version
1,existing apple watch owners get months free apple fitness months new purchase
1,apple experiments express store limit covid risks
1,apple response preliminary injunction filed today became available online
1,roomers
1,appleone cost breakdown savings
1,opposed previous years apple watch nike series se preordered today available friday
1,apple researching apple watch bands provide information braille
1,mark zuckerberg want put apple watch face
1,apple fails appear uk environmental committee drawing criticism
1,inconsistency apple color lineup
1,vmware fusion debuts macos big sur support
1,gurman apple watch se likely share series design specs
1,looking back reddit response airpods years ago
1,anybody else get ipad
1,apple card gets new sign bonus cardholders sign receive daily cash spend panera bread pay apple card using apple pay
1,decide
1,spatial audio fantastic
1,apple time flies event pre order dates availability shipping dates apple com store links
1,apple watch series promo video hike
1,apple time flies pre event megathread
1,make bingo cards todays september event
1,us customs backing says seized oneplus buds violate apple airpods trademark
1,insignia glass screen protector iphone se plus clear ns ip pgls
1,apple watch saves cop stabbed arrest
1,apple updates airpods airpods pro firmware version
1,daily tech support thread september
1,apple corporate song displayed macintosh rollout event january
1,proposal product renaming restructuring
1,kuo iphone feature narrower notch power button touch id coming ipads
1,feds seize almost k counterfeit apple airpods actually oneplus buds verge
1,fuse driver apfs apple file system
1,thread alex russell apple use web catch
1,kuo new apple watch design coming earliest hz iphone expected next year
1,years days since ipod nano keynote one favorites
1,bloomberg apple watch series spo tracking screen ipad air coming time flies event apple silicon macs november
1,apple addition ipad grow almost k
1,apple homepage updated video apple event almost time
1,x post r android feature ipad deal breaker
1,uk school network buys ipads pupils
1,thoughts removing charge bricks
1,apple event youtube ad
1,ipad air may start add new blue amp green colorways
1,case manufracturer esrgear references ipad air ipad th gen ahead launch
1,inside apple green revolution make carbon neutral iphone
1,apple demo twitter apple ipod photo prototype dvt
1,leaker suggests apple watch series come new color devices available september
1,psa submissions work apple events
1,target ad placeholders reference upcoming new iphone apple watch series
1,daily tech support thread september
1,ipad lineup becoming like performa line complicated
1,apple wearable ar hardware ambitions may start apple glass
1,heres much tomorrow apple event gonna cost google
1,apple let epic apply developer program least year
1,apple reckoning come
1,iphone cases spotted shelves richmond bc
1,rumors ipad air could expensive
1,feature request ios take iphone multitasking next level
1,self promo saturday today released version apollo reddit app includes ton new features additions like beautiful crossposting rich flair controls comment translation new subreddit selector new app icons ios testflight beta signup inside
1,honda makes carplay standard feature passport suv
1,shortcuts sunday september
1,daily tech support thread september
1,apple registers multiple apple one domain names ahead tuesday event
1,microsoft criticizes apple new app store rules streaming game services bad experience customers mac
1,apple one subscription bundle references found ios code ahead september event
1,psa removing activation lock macs chip
1,apple reconnected world
1,built widget shows currently playing song spotify music app ios need help testing
1,alleged hands video shows inch iphone pro rear shell lidar placement
1,finally video organizer video player mac like photos videos
1,mark gurman apple mask unboxing
1,coinbase ceo brian armstrong publicly condemned app store similar epic
1,months development released first app giga ball retro arcade style brick breaker game written entirely swift using spritekit check free app store love know think
1,built new feature minimal notes called publish website excited
1,self promo saturday yesterday released onvif ip cameras nvrs managing viewing app ios supports onvif profile g amp well adding urls cameras nvrs support
1,worked app called timer pro lets create timers keep track chores would love help test
1,steve jobs rolling stone interview
1,storyio new update digital stories magical characters mini games test kids knowledge
1,apple updates app store review guidelines allow streaming game services submit game app store
1,could actually make difference music player app also knows hearing capabilities adopts accordingly
1,apple airtags go first look design features exclusive leaks
1,launched focused work app helps focus amp structure time effectively
1,daily tech support thread september
1,apple rising class leaders shape post tim cook era
1,apple reject apps content behavior believe line line ask well supreme court justice said know see think also know cross
1,made app called anylog flexible logging app keep log things want track
1,created simple amp professional interval timer app looking feedback
1,apple fan bored hardware software
1,marco arment app purchase rules
1,recent hints point toward apple card international expansion
1,apple longer terminate epic usage sign apple
1,apple reportedly orders large number samsung foldable mobile phone display samples
1,ios set google chrome default browser iphone
1,inside apple rise trillion wsj
1,apple music android adds ios changes preps apple one bundle
1,apple refining siri cut mistaken activations draw less power
1,daily tech support thread september
1,apple wins
1,past week apple taking iphone pro introduction videos gives light rumors see next generation apple event next week
1,apple one bundle confirmed apple music android google
1,beats website picture unknown iphone thin bezels iphone
1,apple releases macos supplemental update fixes icloud drive wifi
1,former apple engineer introduces native gmail client mac multi account support system notifications
1,justification apple fanboy
1,apple continues refine finger mounted accessory allowing users feel sensation texture
1,got new iphone perfect time
1,summer student discount new ipad release
1,apple developing new spatial audio format apple glass ar uses
1,government antitrust lawyers ready take apple says lawyer prosecuted microsoft
1,facebook accuses apple anticompetitive behavior eu antitrust filing
1,bluetooth security flaw discovered limited risk ios devices
1,apple ii support lowercase letters
1,apple disabling sign apple epic games september
1,apple marina bay sands opening day tour
1,microsoft enterprise mobility gains ios device compliance jamf
1,iphone pro killer upgrade reportedly axed right launch
1,apple releases enhanced sandbox testing developers
1,day u gave album songs innocence away free itunes users onthisday ap entertainment twitter
1,pitaka air omni position less wireless charging station iphone airpods apple watch includes toggled usb c lightning module ipad pro macbook usb c pd amp usb ports charging solution always wanted
1,mac catalyst tutorials build native mac app shared ipad app codebase
1,apple scratched macbook repair
1,daily tech support thread september
1,google maps apple watch available app store
1,x chip first apple silicon mac new ipad pro enter mass production fourth quarter
1,hz display cut iphone pro
1,new addition st generation collection ipod touch man loved thing first ever apple product
1,launch schedule max revenue discussion
1,apple releases ios beta developers
1,apple app store draws new scrutiny japan epicenter gaming
1,apple design teams develop special face masks employees
1,making alarms orgenized
1,carriers preparing launch iphone models g support
1,ios app library faq
1,impact apple reviews
1,found old macintosh se today
1,satechi quatro packs apple watch qi wireless charging usb c battery bank
1,psa time flies event custom apple logo makes gorgeous watchface using caledoscope
1,prosser lower priced apple watch series design coming next week
1,ios smart app banners point safari users apple news instead publisher apps
1,airpods destroyed question
1,attacking app store
1,mac mini ram upgrade issues
1,new apple events apple special events
1,apple doubles fight fortnite creator epic games seeks damages breach contract
1,apple event september know far product release rumors mind map
1,wallpaper wednesday september
1,daily tech support thread september
1,apple event showing apple emoji twitter
1,apple amazon google zigbee alliance standard smart home technology track release
1,apple september event said focused ipad apple watch iphones
1,future apple
1,apple new svp marketing greg joswiak twitter
1,apple youtube stream september event includes reference apple watch series announcement
1,ar quick look gallery
1,peloton announces new bike apple gymkit support
1,apple lost sight tech industry founding principles says epic games ceo
1,display touch id seen another timely apple patent
1,apple watch series models unavailable apple ahead rumored series release
1,apple tv app available vizio smartcast tvs u canada
1,future apple devices may use sound outside human hearing signal
1,floating apple store marina bay sands tour
1,report apple begin iphone mass production soon airtags production already started
1,bose quietcomfort earbuds set challenge airpods pro
1,australia opens antitrust inquiry apple app store
1,apple researching enhance security future qr code apple pay transactions
1,prosser sources budging claims new ipad air apple watch tomorrow
1,apple marina bay sands opens thursday singapore
1,apple hires former disney hulu quibi executive apple tv
1,inside new apple store marina bay sands singapore
1,daily tech support thread september
1,inch iphones going sale first says supply chain report
1,phone case website already page iphone wonder means hear something iphones th
1,apple watch ecg feature receives final medical approval japan
1,meet eyedrive apple system building maps testing autonomous driving
1,concept spotify widgets ios
1,lg seems backtracked decision provide airplay support tv announcing plans
1,sf symbols changes ios
1,new apple cherry hill opens september new jersey
1,apple app store deserves scrutiny says facebook mark zuckerberg
1,apple likely announce iphone event date week
1,prosser ipad apple watch series press release planned september
1,italian watchdog confirms third antitrust inquiry apple
1,daily tech support thread september
1,x post r ipad cases ipad air showing amazon germany
1,decrypts fairplay applications ios lower jailbreaking required
1,hard discover tips apps making macos pleasant
1,airtag quick start guide leaked shows design wireless charging airpower
1,shortcuts sunday september
1,finally released quit anger helps people manage control anger thank redditors beta testers
1,daily tech support thread september
1,released app called ph introduces vietnamese cuisine user along recipes beautiful animations please check
1,online privacy modeled real world privacy
1,bought redesigned rebuilt tokens iconic app developers makes app promo codes easy use documented whole process min blog post
1,beautiful spacex launch tracker
1,macs much expensive europe even taking taxes account
1,added new power apple watch game today ghost makes invisible let go obstacles
1,smart watches could wheelchair users
1,specific functionality simple implement apple simply overlooked
1,apple marina bay sands singapore unwrapped opening soon
1,apple marketing self righteousness wrong
1,read apple commitment freedom expression mention china
1,dreamlab donate iphone ipad compute power scientific research covid
1,google file motion dismiss epic fortnite antitrust complaint also opposes merging case apple
1,limited photos library privacy feature
1,read epic new full argument court force apple reinstate fortnite
1,remove isolate vocals bass drums instrumentals track beta testers needed new feature app transcribe limiting beta people
1,phone buddy alarm step away iphone get notification apple watch simple phone buddy alerts lose bluetooth connection iphone reminds forget apple watch promo codes inside check today
1,smart pill id identify pills automatically camera v
1,money flow expense tracking app focuses helping save money account linking data mining expenses keeping accountable finances money flow helps rein spending habits join beta today requires ios
1,made app keep track zoom classes let know think
1,self promotion saturday calendar widget menstrual period tracker ios
1,double exposure new manual camera controls try beta love get feedback
1,feedny social networking app allows people matching interests connect get instant help feedback even option use geolocation filter meeting amp connecting person like minded individuals becomes much easier
1,promo saturday splitnow simplest way split bill
1,promo saturday recently released brand new apple music client promo codes inside
1,apple airpods pro costco limited time
1,timekeep app track time plan tasks assignments create routines free app purchases either feel free give feedback suggestions
1,apple first time published human rights policy commits respecting freedom information expression following years criticism bows demands beijing carries censorship china beyond
1,daily tech support thread september
1,like travel lot train bus might like new app glarm easy location based alarms recently got updated lot requested features
1,six months road leaving motorcycle proud publish app developing time shows weather along route motorcyclists travellers even prefer walking tracks
1,savings saving goals app familiar design support links images written entirely swiftui
1,apple tv emmy nominations
1,budget badger budgeting easy abc
1,try fresh daily manager app new widgets support free beta coming fall ios
1,backward word game
1,siri makes google assistant look stupid comes music
1,watch calories track eat daily wrist totally free
1,apple lost billion market value thursday biggest loss company ever
1,ios app multitab twitter media browser tweets
1,apple closes day tech industry sell
1,requires access location
1,images apple watch prototype ipod nano style security case shared online
1,rumor new peloton bike apple watch integration coming early next week
1,believe arm bigger revolution thought
1,supply chain prepares new apple watch models third generation airpods
1,broadcom confirms chip delay suggesting october iphone launch
1,th circuit rules apple owes retail workers time spent security screenings
1,privacy iphone sharing
1,report iphone pro max come super fast mmwave g
1,pictures ipad air documentation leak shows touch id usb c thicker bezels
1,lg backtracks promise bring airplay homekit select tv models
1,iphone se vs pixel battle budget camera
1,intel announces th generation tiger lake chips apple plans transition arm based apple silicon
1,future iphone cameras expected transmit high resolution images faster speeds
1,welcome ibm seriously august ibm announced getting pc market jobs decided take full page ad wall street journal
1,apple move make advertising harder ios part trend facebook latest developer feel squeeze
1,airpods studio everything know
1,apple custom gpu reportedly faster intel igpu
1,wmata smart trip card available apple wallet
1,iphone come dark blue color option
1,third generation airpods rumored launch first half
1,apple low carbon aluminum climate game changer lightweight metal chemically mass produced version used products like foil soda cans bike frames car doors made using process result immediate release greenhouse gases
1,redesigned ipad air major changes leaks
1,apple terminated epic app store account following legal dispute two companies
1,apple showing signs may soon launch search engine compete google search
1,facebook warns apple ios could shave audience network revenue
1,something discussed much recent news hearings apple app store anti piracy protections
1,apple ceo tim cook sells million apple stock
1,ios apps consider must
1,judge epic vs apple case says inclined grant relief fornite removal force apple put back app store inclined let apple block epic developing distributing unreal engine inclined decision
1,created open source ios widgets app blends wallpaper letting place app icons anywhere want
1,apple says epic games ceo wanted side deal fortnite
1,forget apple watch cheaper apple watch se coming
1,kuo apple looking save costs iphone simpler battery board design
1,apple dominates smart watch market first half thanks series demand
1,apple iphone manufactured bengaluru likely cost less iphone
1,apple announces apple music radio
1,epic games says apple terminating developer account cut developer tools august th
1,think apple prohibition game streaming ios exception rule check one best explanations would egregious banning netflix
1,mineswifter made beautiful modern minesweeper app ios macos guesses unlimited hints made evil version boards impossible hint system makes fun currently free ads app purchases
1,find truly minimal beautiful calendar app developed designed one opening beta tester slots get feedback dawn app happy open slots much interest
1,apple begins selling refurbished inch macbook pro models
1,fornite removed app store implemented direct payments
1,european commission investigate apple stance game streaming services
1,apple doubles ios tracking privacy facebook panics
1,wav set vibrant wallpapers
1,quickscan v free ios scanner ocr text recognition received nice updates since launch still ads data collection iap
1,introducing first app glidecalc calculator designed smooth continuous effortless promo codes
1,microsoft fires back apple accusing treating gaming apps differently
1,iphone use magnets simplify charging positioning leak claims
1,months old galaxy ultra months old iphone xs max getting almost price value samsung trade program
1,regulatory filings show new macbook air macbook pro way
1,silicon macbook could launch october cost
1,spotify group session feature lets long distance friends listen playlists podcasts together
1,research pros cons apple switch arm based silicon macs found
1,kristy viers thought would share someone visually impaired use iphone
1,concept multiple call screen
1,concept imagines overhauled ipad mini ipad pro like design face id
1,default experimental features safari
1,got really sick bad calendar apps developing brand new one ground called airbridge sign help test ready
1,apple killing billion dollar ad industry one popup
1,apple refuses fix macbook pro repair program
1,kuo new apple silicon macs include redesigned inch inch macbook pro
1,sad iphone leaks accessories rip hz amp airpods design
1,apple wants iphone replace passport driver license
1,daily tech support thread july
1,lg smart tvs gain dolby atmos support apple tv app
